start_station_name,end_station_name,trip_freq
Harry Bridges Plaza (Ferry Building),Embarcadero at Sansome,9150
San Francisco Caltrain 2 (330 Townsend),Townsend at 7th,8508
2nd at Townsend,Harry Bridges Plaza (Ferry Building),7620
Harry Bridges Plaza (Ferry Building),2nd at Townsend,6888
Embarcadero at Sansome,Steuart at Market,6874
Townsend at 7th,San Francisco Caltrain 2 (330 Townsend),6836
Embarcadero at Folsom,San Francisco Caltrain (Townsend at 4th),6351
San Francisco Caltrain (Townsend at 4th),Harry Bridges Plaza (Ferry Building),6215
Steuart at Market,2nd at Townsend,6039
Steuart at Market,San Francisco Caltrain (Townsend at 4th),5959
Temporary Transbay Terminal (Howard at Beale),San Francisco Caltrain (Townsend at 4th),5796
Harry Bridges Plaza (Ferry Building),San Francisco Caltrain (Townsend at 4th),5395
Townsend at 7th,San Francisco Caltrain (Townsend at 4th),5358
2nd at South Park,Market at Sansome,5337
San Francisco Caltrain (Townsend at 4th),Temporary Transbay Terminal (Howard at Beale),5196
Market at 10th,San Francisco Caltrain 2 (330 Townsend),5118
Steuart at Market,Embarcadero at Sansome,5110
Market at Sansome,2nd at South Park,5063
Embarcadero at Sansome,Harry Bridges Plaza (Ferry Building),4737
San Francisco Caltrain 2 (330 Townsend),Powell Street BART,4492
